<?xml version="1.0" encoding="UTF-8"?>
<viajes>
<!-- Ausencia de etiqueta viaje, la crearemos para englobar los datos del viaje concreto -->
<viaje>
<!-- No hay cierre de la etiqueta destino, la cerraremos para que recoja la etiqueta ciudad-->
<destino pais="Francia">
<ciudad>París</ciudad>
</destino>
<!-- La etiqueta hotel no tiene nombre -->
<!-- Creare el atributo nombre para almacenar el texto Le Grande -->
<hotel nombre="Le Grand"/>
<categoria>5 estrellas</categoria>
<habitacion tipo="doble">
<vistas>ciudad</vistas>
<precio>250</precio>
</habitacion>
</hotel>
<!-- Cambiare la etiqueta actividad2 por actividad num="2" --> 
<!-- Para evitar redundancia y reutilizar la etiqueta actividad -->
<!-- Para ello, tambien modificare la etiqueta actividad -->
<actividad num="1">Visita a la Torre Eiffel</actividad>
<actividad num="2">Crucero por el Sena</actividad>
</viaje>
</viajes>