<?xml version=1.0 encoding="ITF-8"?>
<panel_vuelos_salida>
	<!--informacion de la tabla-->
	<aeropuerto nombre="JFK"/>
	<fecha>20/10/2023</fecha>
	<vuelos>
	<!--informacion de los vuelos-->
		<vuelo codigo="V22">
		<diario>SI</diario>
		<origen>New York</origen>
		<destino>Chicago</destino>
		<hora_salida>9:30</hora_salida>
		<hora_llegada>11:30</hora_llegada>
		<estado>R</estado>
		</vuelo>
		<vuelo codigo="V23">
		<diario>NO</diario>
		<origen>New York</origen>
		<destino>Miami</destino>
		<hora_salida>10:15</hora_salida>
		<hora_llegada>11:15</hora_llegada>
		<estado>C</estado>
		</vuelo>
	</vuelos>
</panel_vuelos_salida>