<?xml version=1.0 encoding="ITF-8"?>
<vehiculos>
	<vehiculo>
		<marca>Tesla</marca>
		<modelo>Roadster</modelo>
		<f_fabricacion dia="10" mes="Abril" anio="2016"/>
		<lugar_fabricacion pais="Estados Unidos">
			<localidad>Austin</localidad>
		<unidades>1500</unidades>
	</vehiculo>
	<vehiculo>
		<marca>Tesla</marca>
		<modelo>Cybertruck</modelo>
		<f_fabricacion dia="18" mes="Diciembre" anio="2023"/>
		<lugar_fabricacion pais="Estados Unidos">
			<localidad>New York</localidad>
		<unidades>2000</unidades>
	</vehiculo>
</vehiculos>