<?xml version=1.0 encoding="ISO-8859-1"?>
<!-- Ausencia de etiqueta raiz -->
<!-- Lo solucionaremos creando la etiqueta raiz "estudiantes" -->
<estudiantes>
<!-- El contenido del atributo va entre comillas -->
<estudiante id="1">
<nombre>Juan Rodríguez</nombre>
<edad>21</edad>
<curso>Ingeniería Informática</curso>
<calificacion>90</calificacion>
</estudiante>
<!-- El contenido del atributo va entre comillas -->
<estudiante id="2">
<nombre>Manuel López</nombre>
<edad>22</edad>
<curso><primero/>Ingeniería Eléctrica</curso>
<calificación/>
</estudiante>
<!-- El contenido del atributo va entre comillas -->
<estudiante id="3">
<nombre>Antonio Miranda</nombre>
<edad>20</edad>
<!-- Debido a que segundo es una etiqueta que no corresponde a su contenido -->
<!-- Incluiremos el contenido de la etiqueta como un atributo de esta -->
<curso><segundo letra="F"/>Física</curso>
<calificacion>95</calificacion>
<!-- Etiqueta cerrada, no cierra la etiqueta estudiante id ="3" -->
</estudiante>
</estudiantes>